{"D:\\DevEcoStudioProjects\\CameraAccess\\AppScope\\app.json5":{"hashValue":"a0aadbcdf582b6a6274dbd2f9b1553da","name":"app.json5","path":"D:\\DevEcoStudioProjects\\CameraAccess\\AppScope\\app.json5","type":"file","isSymbolicLink":false,"fileMetaData":{"size":224,"lastModifiedTime":1752564436256}},"D:\\DevEcoStudioProjects\\CameraAccess\\entry\\src\\main\\module.json5":{"hashValue":"48cdc5cd2094d2a039bf4ab3ef4b5871","name":"module.json5","path":"D:\\DevEcoStudioProjects\\CameraAccess\\entry\\src\\main\\module.json5","type":"file","isSymbolicLink":false,"fileMetaData":{"size":1686,"lastModifiedTime":1752564948599}},"D:\\DevEcoStudioProjects\\CameraAccess\\build-profile.json5":{"hashValue":"0525e7326f7ec04b2bdfb98a1755398c","name":"build-profile.json5","path":"D:\\DevEcoStudioProjects\\CameraAccess\\build-profile.json5","type":"file","isSymbolicLink":false,"fileMetaData":{"size":756,"lastModifiedTime":1752564436278}},"D:\\DevEcoStudioProjects\\CameraAccess\\entry\\build-profile.json5":{"hashValue":"1052d362d02d67f1b5dce6f50823605e","name":"build-profile.json5","path":"D:\\DevEcoStudioProjects\\CameraAccess\\entry\\build-profile.json5","type":"file","isSymbolicLink":false,"fileMetaData":{"size":449,"lastModifiedTime":1752564436290}},"D:\\DevEcoStudioProjects\\CameraAccess\\entry\\src\\main\\resources\\base\\profile\\main_pages.json":{"hashValue":"431cdc151606c0135773d3a1c899f405","name":"main_pages.json","path":"D:\\DevEcoStudioProjects\\CameraAccess\\entry\\src\\main\\resources\\base\\profile\\main_pages.json","type":"file","isSymbolicLink":false,"fileMetaData":{"size":95,"lastModifiedTime":1752564583768}},"D:\\DevEcoStudioProjects\\CameraAccess\\hvigor\\hvigor-config.json5":{"hashValue":"c2fc74053510e46f8b54afd442ea9c7b","name":"hvigor-config.json5","path":"D:\\DevEcoStudioProjects\\CameraAccess\\hvigor\\hvigor-config.json5","type":"file","isSymbolicLink":false,"fileMetaData":{"size":1323,"lastModifiedTime":1752564432807}},"D:\\DevEcoStudioProjects\\CameraAccess\\entry\\src\\mock\\mock-config.json5":{"hashValue":"8880fbd8edd74a427110b1154dcf98a0","name":"mock-config.json5","path":"D:\\DevEcoStudioProjects\\CameraAccess\\entry\\src\\mock\\mock-config.json5","type":"file","isSymbolicLink":false,"fileMetaData":{"size":3,"lastModifiedTime":1752564433030}},"D:\\DevEcoStudioProjects\\CameraAccess\\entry\\oh-package.json5":{"hashValue":"c8cb5fac0d3ae15879cab14405bdc6ae","name":"oh-package.json5","path":"D:\\DevEcoStudioProjects\\CameraAccess\\entry\\oh-package.json5","type":"file","isSymbolicLink":false,"fileMetaData":{"size":183,"lastModifiedTime":1752564432897}},"D:\\DevEcoStudioProjects\\CameraAccess\\oh-package.json5":{"hashValue":"1ac16a6b422c0ef911b1c450b12feca8","name":"oh-package.json5","path":"D:\\DevEcoStudioProjects\\CameraAccess\\oh-package.json5","type":"file","isSymbolicLink":false,"fileMetaData":{"size":210,"lastModifiedTime":1752564436295}},"D:\\DevEcoStudioProjects\\CameraAccess\\entry\\build\\default\\intermediates\\hap_metadata\\default\\output_metadata.json":{"hashValue":"2a0239ece039305e2b6f6f9feda6ee2b","name":"output_metadata.json","path":"D:\\DevEcoStudioProjects\\CameraAccess\\entry\\build\\default\\intermediates\\hap_metadata\\default\\output_metadata.json","type":"file","isSymbolicLink":false,"fileMetaData":{"size":100,"lastModifiedTime":1752565056004}},"D:\\DevEcoStudioProjects\\CameraAccess\\entry\\build\\default\\intermediates\\merge_profile\\default\\module.json":{"hashValue":"441ad23e7d3bbc38420603999d0466cf","name":"module.json","path":"D:\\DevEcoStudioProjects\\CameraAccess\\entry\\build\\default\\intermediates\\merge_profile\\default\\module.json","type":"file","isSymbolicLink":false,"fileMetaData":{"size":1854,"lastModifiedTime":1752565056013}},"D:\\DevEcoStudioProjects\\CameraAccess\\entry\\build\\default\\generated\\profile\\default\\BuildProfile.ets":{"hashValue":"23a9f37d928b6445b8497b375599e41f","name":"BuildProfile.ets","path":"D:\\DevEcoStudioProjects\\CameraAccess\\entry\\build\\default\\generated\\profile\\default\\BuildProfile.ets","type":"file","isSymbolicLink":false,"fileMetaData":{"size":867,"lastModifiedTime":1752565056019}},"D:\\DevEcoStudioProjects\\CameraAccess\\entry\\build\\default\\intermediates\\loader\\default\\pkgContextInfo.json":{"hashValue":"e013d02ad3308956d27aa9559318495a","name":"pkgContextInfo.json","path":"D:\\DevEcoStudioProjects\\CameraAccess\\entry\\build\\default\\intermediates\\loader\\default\\pkgContextInfo.json","type":"file","isSymbolicLink":false,"fileMetaData":{"size":444,"lastModifiedTime":1752565056033}},"D:\\DevEcoStudioProjects\\CameraAccess\\build\\cache\\default\\integrated_hsp\\integratedHspCache.json":{"hashValue":"","name":"emptyroot","path":"","type":"unknown","isSymbolicLink":false,"children":[]},"D:\\DevEcoStudioProjects\\CameraAccess\\entry\\src\\main\\resources\\base\\profile\\backup_config.json":{"hashValue":"d8ea597c5526770c0ad008154540089c","name":"backup_config.json","path":"D:\\DevEcoStudioProjects\\CameraAccess\\entry\\src\\main\\resources\\base\\profile\\backup_config.json","type":"file","isSymbolicLink":false,"fileMetaData":{"size":36,"lastModifiedTime":1752564433195}},"D:\\DevEcoStudioProjects\\CameraAccess\\entry\\build\\default\\outputs\\default\\pack.info":{"hashValue":"796c0f20a3d01c2edeca2c53faddaee5","name":"pack.info","path":"D:\\DevEcoStudioProjects\\CameraAccess\\entry\\build\\default\\outputs\\default\\pack.info","type":"file","isSymbolicLink":false,"fileMetaData":{"size":641,"lastModifiedTime":1752565056048}},"D:\\DevEco Studio\\sdk\\default\\openharmony\\toolchains\\syscap_tool.exe":{"hashValue":"8d331deb11e8cce212150d6d3ea6e922","name":"syscap_tool.exe","path":"D:\\DevEco Studio\\sdk\\default\\openharmony\\toolchains\\syscap_tool.exe","type":"file","isSymbolicLink":false,"fileMetaData":{"size":359336,"lastModifiedTime":1743132881000}},"D:\\DevEco Studio\\sdk\\default\\openharmony\\ets\\api\\device-define":{"hashValue":"b6ef7950ac214a22ba7c28234a526639","name":"device-define","path":"D:\\DevEco Studio\\sdk\\default\\openharmony\\ets\\api\\device-define","type":"directory","isSymbolicLink":false,"children":[{"hashValue":"d0c569d2d4f801db6227d0fd02ce13bc","name":"default.json","path":"D:\\DevEco Studio\\sdk\\default\\openharmony\\ets\\api\\device-define\\default.json","type":"file","isSymbolicLink":false,"fileMetaData":{"size":12546,"lastModifiedTime":1743132881000}},{"hashValue":"1f3d778c67479a908663dd6f032e9161","name":"liteWearable.json","path":"D:\\DevEco Studio\\sdk\\default\\openharmony\\ets\\api\\device-define\\liteWearable.json","type":"file","isSymbolicLink":false,"fileMetaData":{"size":883,"lastModifiedTime":1743132881000}},{"hashValue":"4c40423463e76a5f5f3381b6cc922194","name":"tablet.json","path":"D:\\DevEco Studio\\sdk\\default\\openharmony\\ets\\api\\device-define\\tablet.json","type":"file","isSymbolicLink":false,"fileMetaData":{"size":11990,"lastModifiedTime":1743132881000}},{"hashValue":"d8099f3228049fcaa49937aa784aac6d","name":"wearable.json","path":"D:\\DevEco Studio\\sdk\\default\\openharmony\\ets\\api\\device-define\\wearable.json","type":"file","isSymbolicLink":false,"fileMetaData":{"size":12132,"lastModifiedTime":1743132881000}}]},"D:\\DevEcoStudioProjects\\CameraAccess\\entry\\build\\default\\intermediates\\syscap\\default\\rpcid.sc":{"hashValue":"","name":"emptyroot","path":"","type":"unknown","isSymbolicLink":false,"children":[]},"D:\\DevEcoStudioProjects\\CameraAccess\\entry\\build\\default\\intermediates\\process_profile\\default\\module.json":{"hashValue":"ce97d30808c52678fab1ae23f45a92c2","name":"module.json","path":"D:\\DevEcoStudioProjects\\CameraAccess\\entry\\build\\default\\intermediates\\process_profile\\default\\module.json","type":"file","isSymbolicLink":false,"fileMetaData":{"size":1940,"lastModifiedTime":1752565056247}},"D:\\DevEcoStudioProjects\\CameraAccess\\entry\\build\\default\\intermediates\\router_map\\default\\temp-router-map.json":{"hashValue":"87fcc6599b56c147b8f9905cae7c7c13","name":"temp-router-map.json","path":"D:\\DevEcoStudioProjects\\CameraAccess\\entry\\build\\default\\intermediates\\router_map\\default\\temp-router-map.json","type":"file","isSymbolicLink":false,"fileMetaData":{"size":16,"lastModifiedTime":1752565056256}},"D:\\DevEcoStudioProjects\\CameraAccess\\entry\\build\\default\\intermediates\\router_map\\default\\loader-router-map.json":{"hashValue":"6e120ea8fa3d22a5d6353cac7730d573","name":"loader-router-map.json","path":"D:\\DevEcoStudioProjects\\CameraAccess\\entry\\build\\default\\intermediates\\router_map\\default\\loader-router-map.json","type":"file","isSymbolicLink":false,"fileMetaData":{"size":16,"lastModifiedTime":1752565056256}},"D:\\DevEcoStudioProjects\\CameraAccess\\entry\\build\\default\\intermediates\\res\\default\\resConfig.json":{"hashValue":"8c91525c2ddeb848cbede9f752b30ee2","name":"resConfig.json","path":"D:\\DevEcoStudioProjects\\CameraAccess\\entry\\build\\default\\intermediates\\res\\default\\resConfig.json","type":"file","isSymbolicLink":false,"fileMetaData":{"size":1082,"lastModifiedTime":1752565056280}},"D:\\DevEcoStudioProjects\\CameraAccess\\entry\\build\\default\\intermediates\\res\\default\\opt-compression.json":{"hashValue":"ee0b7fcf0b9155eba208750b8612c6c8","name":"opt-compression.json","path":"D:\\DevEcoStudioProjects\\CameraAccess\\entry\\build\\default\\intermediates\\res\\default\\opt-compression.json","type":"file","isSymbolicLink":false,"fileMetaData":{"size":172,"lastModifiedTime":1752565056279}},"D:\\DevEcoStudioProjects\\CameraAccess\\entry\\build\\default\\intermediates\\loader\\default\\loader.json":{"hashValue":"8a0f2a34d8c8ac3e44d30b29e0c029e4","name":"loader.json","path":"D:\\DevEcoStudioProjects\\CameraAccess\\entry\\build\\default\\intermediates\\loader\\default\\loader.json","type":"file","isSymbolicLink":false,"fileMetaData":{"size":946,"lastModifiedTime":1752565056309}},"D:\\DevEcoStudioProjects\\CameraAccess\\entry\\build\\default\\intermediates\\libs\\default":{"hashValue":"","name":"default","path":"D:\\DevEcoStudioProjects\\CameraAccess\\entry\\build\\default\\intermediates\\libs\\default","type":"directory","isSymbolicLink":false,"children":[]},"D:\\DevEcoStudioProjects\\CameraAccess\\entry\\src\\main\\resources":{"hashValue":"01a173a56509bfefb18a56bd31b18be0","name":"resources","path":"D:\\DevEcoStudioProjects\\CameraAccess\\entry\\src\\main\\resources","type":"directory","isSymbolicLink":false,"children":[{"hashValue":"77ea75d36a79e55f7dd624f943920606","name":"base","path":"D:\\DevEcoStudioProjects\\CameraAccess\\entry\\src\\main\\resources\\base","type":"directory","isSymbolicLink":false,"children":[{"hashValue":"565cf5054c67a4a2da588c8a69c2ea5d","name":"element","path":"D:\\DevEcoStudioProjects\\CameraAccess\\entry\\src\\main\\resources\\base\\element","type":"directory","isSymbolicLink":false,"children":[{"hashValue":"e2c8538ec4e0f10c267bd1b8734a0a38","name":"color.json","path":"D:\\DevEcoStudioProjects\\CameraAccess\\entry\\src\\main\\resources\\base\\element\\color.json","type":"file","isSymbolicLink":false,"fileMetaData":{"size":105,"lastModifiedTime":1752564433053}},{"hashValue":"6bc6429b03de032aceba50fe7d311bc9","name":"float.json","path":"D:\\DevEcoStudioProjects\\CameraAccess\\entry\\src\\main\\resources\\base\\element\\float.json","type":"file","isSymbolicLink":false,"fileMetaData":{"size":100,"lastModifiedTime":1752564433065}},{"hashValue":"1b740d942248208f843d56c632175c4e","name":"string.json","path":"D:\\DevEcoStudioProjects\\CameraAccess\\entry\\src\\main\\resources\\base\\element\\string.json","type":"file","isSymbolicLink":false,"fileMetaData":{"size":314,"lastModifiedTime":1752564961206}}]},{"hashValue":"6d9c2f10d10f806dd217f284af04bb7b","name":"media","path":"D:\\DevEcoStudioProjects\\CameraAccess\\entry\\src\\main\\resources\\base\\media","type":"directory","isSymbolicLink":false,"children":[{"hashValue":"49697c22aa61c0dfa57bb044e743dcae","name":"back.png","path":"D:\\DevEcoStudioProjects\\CameraAccess\\entry\\src\\main\\resources\\base\\media\\back.png","type":"file","isSymbolicLink":false,"fileMetaData":{"size":2677,"lastModifiedTime":1748591383141}},{"hashValue":"83438930205e5f3a9d334046311d49b5","name":"background.png","path":"D:\\DevEcoStudioProjects\\CameraAccess\\entry\\src\\main\\resources\\base\\media\\background.png","type":"file","isSymbolicLink":false,"fileMetaData":{"size":91942,"lastModifiedTime":1752564433094}},{"hashValue":"7d63a188591e6f524b790e21c113e9ce","name":"camera.png","path":"D:\\DevEcoStudioProjects\\CameraAccess\\entry\\src\\main\\resources\\base\\media\\camera.png","type":"file","isSymbolicLink":false,"fileMetaData":{"size":5207,"lastModifiedTime":1752476091830}},{"hashValue":"9c17dc1914eb55cf9c87744578a447e5","name":"foreground.png","path":"D:\\DevEcoStudioProjects\\CameraAccess\\entry\\src\\main\\resources\\base\\media\\foreground.png","type":"file","isSymbolicLink":false,"fileMetaData":{"size":8805,"lastModifiedTime":1752564433103}},{"hashValue":"59089871668299f92955b044f7c68157","name":"History.png","path":"D:\\DevEcoStudioProjects\\CameraAccess\\entry\\src\\main\\resources\\base\\media\\History.png","type":"file","isSymbolicLink":false,"fileMetaData":{"size":3672,"lastModifiedTime":1748522536587}},{"hashValue":"d6e45a360922eb6448ab408209242d55","name":"home.png","path":"D:\\DevEcoStudioProjects\\CameraAccess\\entry\\src\\main\\resources\\base\\media\\home.png","type":"file","isSymbolicLink":false,"fileMetaData":{"size":3478,"lastModifiedTime":1748531161170}},{"hashValue":"806a814dd54d70934e59c26d409a30c8","name":"layered_image.json","path":"D:\\DevEcoStudioProjects\\CameraAccess\\entry\\src\\main\\resources\\base\\media\\layered_image.json","type":"file","isSymbolicLink":false,"fileMetaData":{"size":109,"lastModifiedTime":1752564433111}},{"hashValue":"ca66767d08297b7325965e369e935754","name":"monitor.png","path":"D:\\DevEcoStudioProjects\\CameraAccess\\entry\\src\\main\\resources\\base\\media\\monitor.png","type":"file","isSymbolicLink":false,"fileMetaData":{"size":3839,"lastModifiedTime":1749032735935}},{"hashValue":"2fdbe0ba86debcca066d2bd4f02d946f","name":"refresh.png","path":"D:\\DevEcoStudioProjects\\CameraAccess\\entry\\src\\main\\resources\\base\\media\\refresh.png","type":"file","isSymbolicLink":false,"fileMetaData":{"size":4959,"lastModifiedTime":1752530620649}},{"hashValue":"9adc4ed271b2872f8aa0b838d25b1595","name":"startIcon.png","path":"D:\\DevEcoStudioProjects\\CameraAccess\\entry\\src\\main\\resources\\base\\media\\startIcon.png","type":"file","isSymbolicLink":false,"fileMetaData":{"size":20093,"lastModifiedTime":1752564433127}}]},{"hashValue":"bd39764b2fe6ea0c074c1f71936e6b88","name":"profile","path":"D:\\DevEcoStudioProjects\\CameraAccess\\entry\\src\\main\\resources\\base\\profile","type":"directory","isSymbolicLink":false,"children":[{"hashValue":"d8ea597c5526770c0ad008154540089c","name":"backup_config.json","path":"D:\\DevEcoStudioProjects\\CameraAccess\\entry\\src\\main\\resources\\base\\profile\\backup_config.json","type":"file","isSymbolicLink":false,"fileMetaData":{"size":36,"lastModifiedTime":1752564433195}},{"hashValue":"431cdc151606c0135773d3a1c899f405","name":"main_pages.json","path":"D:\\DevEcoStudioProjects\\CameraAccess\\entry\\src\\main\\resources\\base\\profile\\main_pages.json","type":"file","isSymbolicLink":false,"fileMetaData":{"size":95,"lastModifiedTime":1752564583768}}]}]},{"hashValue":"a1530c5ecf300da3b9b74886c8f3b85b","name":"dark","path":"D:\\DevEcoStudioProjects\\CameraAccess\\entry\\src\\main\\resources\\dark","type":"directory","isSymbolicLink":false,"children":[{"hashValue":"b4c6d7ffd0ccabb8758fd15c7eb8a34a","name":"element","path":"D:\\DevEcoStudioProjects\\CameraAccess\\entry\\src\\main\\resources\\dark\\element","type":"directory","isSymbolicLink":false,"children":[{"hashValue":"394848b8ef0f6057fa5eab587f307d5f","name":"color.json","path":"D:\\DevEcoStudioProjects\\CameraAccess\\entry\\src\\main\\resources\\dark\\element\\color.json","type":"file","isSymbolicLink":false,"fileMetaData":{"size":105,"lastModifiedTime":1752564433173}}]}]},{"hashValue":"","name":"rawfile","path":"D:\\DevEcoStudioProjects\\CameraAccess\\entry\\src\\main\\resources\\rawfile","type":"directory","isSymbolicLink":false,"children":[]}]},"D:\\DevEcoStudioProjects\\CameraAccess\\AppScope\\resources":{"hashValue":"5952ca6783d411ad8a44b9232b1c224d","name":"resources","path":"D:\\DevEcoStudioProjects\\CameraAccess\\AppScope\\resources","type":"directory","isSymbolicLink":false,"children":[{"hashValue":"69567f8a03259611c06e2d4da9ade76c","name":"base","path":"D:\\DevEcoStudioProjects\\CameraAccess\\AppScope\\resources\\base","type":"directory","isSymbolicLink":false,"children":[{"hashValue":"721776e6c232af835b2d67c42e270e24","name":"element","path":"D:\\DevEcoStudioProjects\\CameraAccess\\AppScope\\resources\\base\\element","type":"directory","isSymbolicLink":false,"children":[{"hashValue":"4359288c1517b58419357f6d6a366b99","name":"string.json","path":"D:\\DevEcoStudioProjects\\CameraAccess\\AppScope\\resources\\base\\element\\string.json","type":"file","isSymbolicLink":false,"fileMetaData":{"size":98,"lastModifiedTime":1752564432862}}]},{"hashValue":"6b63980f062b081cd0c277bb59493a60","name":"media","path":"D:\\DevEcoStudioProjects\\CameraAccess\\AppScope\\resources\\base\\media","type":"directory","isSymbolicLink":false,"children":[{"hashValue":"16a9142fb8184b67786dada3f893768b","name":"background.png","path":"D:\\DevEcoStudioProjects\\CameraAccess\\AppScope\\resources\\base\\media\\background.png","type":"file","isSymbolicLink":false,"fileMetaData":{"size":91942,"lastModifiedTime":1752564432836}},{"hashValue":"72fb029807a4a5e912e5d44b8ebf9006","name":"foreground.png","path":"D:\\DevEcoStudioProjects\\CameraAccess\\AppScope\\resources\\base\\media\\foreground.png","type":"file","isSymbolicLink":false,"fileMetaData":{"size":8805,"lastModifiedTime":1752564432842}},{"hashValue":"52f2651cba25e66ad83fa20023959e0d","name":"layered_image.json","path":"D:\\DevEcoStudioProjects\\CameraAccess\\AppScope\\resources\\base\\media\\layered_image.json","type":"file","isSymbolicLink":false,"fileMetaData":{"size":109,"lastModifiedTime":1752564432849}}]}]}]},"D:\\DevEcoStudioProjects\\CameraAccess\\entry\\build\\default\\intermediates\\res\\default":{"hashValue":"3ef98400042b3e10d18ddb8cf52ca51f","name":"default","path":"D:\\DevEcoStudioProjects\\CameraAccess\\entry\\build\\default\\intermediates\\res\\default","type":"directory","isSymbolicLink":false,"children":[{"hashValue":"06b2aca6965d5e1c5666e10578ca3cf5","name":".caches","path":"D:\\DevEcoStudioProjects\\CameraAccess\\entry\\build\\default\\intermediates\\res\\default\\.caches","type":"directory","isSymbolicLink":false,"children":[{"hashValue":"85db956af6e01ec4496a80837091cd24","name":"base","path":"D:\\DevEcoStudioProjects\\CameraAccess\\entry\\build\\default\\intermediates\\res\\default\\.caches\\base","type":"directory","isSymbolicLink":false,"children":[{"hashValue":"fddf1dbcea2c4e963c7ae65af2cc98af","name":"media","path":"D:\\DevEcoStudioProjects\\CameraAccess\\entry\\build\\default\\intermediates\\res\\default\\.caches\\base\\media","type":"directory","isSymbolicLink":false,"children":[{"hashValue":"dd31e0449d205c4b7894bd6c9c5230ae","name":"background.png","path":"D:\\DevEcoStudioProjects\\CameraAccess\\entry\\build\\default\\intermediates\\res\\default\\.caches\\base\\media\\background.png","type":"file","isSymbolicLink":false,"fileMetaData":{"size":70283,"lastModifiedTime":1752565057358}},{"hashValue":"c27a75d7a55518bec60e42e508141dec","name":"foreground.png","path":"D:\\DevEcoStudioProjects\\CameraAccess\\entry\\build\\default\\intermediates\\res\\default\\.caches\\base\\media\\foreground.png","type":"file","isSymbolicLink":false,"fileMetaData":{"size":9325,"lastModifiedTime":1752565057388}}]}]}]},{"hashValue":"59cd91462624a90dd1e87544ade9dc54","name":"ark_module.json","path":"D:\\DevEcoStudioProjects\\CameraAccess\\entry\\build\\default\\intermediates\\res\\default\\ark_module.json","type":"file","isSymbolicLink":false,"fileMetaData":{"size":1516,"lastModifiedTime":1752565056246}},{"hashValue":"bd5cb1a22e1c556603588da06eed9376","name":"ids_map","path":"D:\\DevEcoStudioProjects\\CameraAccess\\entry\\build\\default\\intermediates\\res\\default\\ids_map","type":"directory","isSymbolicLink":false,"children":[{"hashValue":"56f64a8c117bbcf63330489fbfc6f705","name":"id_defined.json","path":"D:\\DevEcoStudioProjects\\CameraAccess\\entry\\build\\default\\intermediates\\res\\default\\ids_map\\id_defined.json","type":"file","isSymbolicLink":false,"fileMetaData":{"size":1454,"lastModifiedTime":1752565057391}}]},{"hashValue":"b0e05d0714b92bbae0df6152220a6520","name":"module.json","path":"D:\\DevEcoStudioProjects\\CameraAccess\\entry\\build\\default\\intermediates\\res\\default\\module.json","type":"file","isSymbolicLink":false,"fileMetaData":{"size":2123,"lastModifiedTime":1752565057326}},{"hashValue":"ee0b7fcf0b9155eba208750b8612c6c8","name":"opt-compression.json","path":"D:\\DevEcoStudioProjects\\CameraAccess\\entry\\build\\default\\intermediates\\res\\default\\opt-compression.json","type":"file","isSymbolicLink":false,"fileMetaData":{"size":172,"lastModifiedTime":1752565056279}},{"hashValue":"8c91525c2ddeb848cbede9f752b30ee2","name":"resConfig.json","path":"D:\\DevEcoStudioProjects\\CameraAccess\\entry\\build\\default\\intermediates\\res\\default\\resConfig.json","type":"file","isSymbolicLink":false,"fileMetaData":{"size":1082,"lastModifiedTime":1752565056280}},{"hashValue":"cfac7be4fd2b938e16b0a779d9dac283","name":"resources","path":"D:\\DevEcoStudioProjects\\CameraAccess\\entry\\build\\default\\intermediates\\res\\default\\resources","type":"directory","isSymbolicLink":false,"children":[{"hashValue":"497e09aca943b5604368e4831dde88df","name":"base","path":"D:\\DevEcoStudioProjects\\CameraAccess\\entry\\build\\default\\intermediates\\res\\default\\resources\\base","type":"directory","isSymbolicLink":false,"children":[{"hashValue":"bcf7d20c60ac466c0f8a4ab1316f8d7d","name":"media","path":"D:\\DevEcoStudioProjects\\CameraAccess\\entry\\build\\default\\intermediates\\res\\default\\resources\\base\\media","type":"directory","isSymbolicLink":false,"children":[{"hashValue":"49697c22aa61c0dfa57bb044e743dcae","name":"back.png","path":"D:\\DevEcoStudioProjects\\CameraAccess\\entry\\build\\default\\intermediates\\res\\default\\resources\\base\\media\\back.png","type":"file","isSymbolicLink":false,"fileMetaData":{"size":2677,"lastModifiedTime":1748591383141}},{"hashValue":"dd31e0449d205c4b7894bd6c9c5230ae","name":"background.png","path":"D:\\DevEcoStudioProjects\\CameraAccess\\entry\\build\\default\\intermediates\\res\\default\\resources\\base\\media\\background.png","type":"file","isSymbolicLink":false,"fileMetaData":{"size":70283,"lastModifiedTime":1752565057358}},{"hashValue":"7d63a188591e6f524b790e21c113e9ce","name":"camera.png","path":"D:\\DevEcoStudioProjects\\CameraAccess\\entry\\build\\default\\intermediates\\res\\default\\resources\\base\\media\\camera.png","type":"file","isSymbolicLink":false,"fileMetaData":{"size":5207,"lastModifiedTime":1752476091830}},{"hashValue":"c27a75d7a55518bec60e42e508141dec","name":"foreground.png","path":"D:\\DevEcoStudioProjects\\CameraAccess\\entry\\build\\default\\intermediates\\res\\default\\resources\\base\\media\\foreground.png","type":"file","isSymbolicLink":false,"fileMetaData":{"size":9325,"lastModifiedTime":1752565057388}},{"hashValue":"59089871668299f92955b044f7c68157","name":"History.png","path":"D:\\DevEcoStudioProjects\\CameraAccess\\entry\\build\\default\\intermediates\\res\\default\\resources\\base\\media\\History.png","type":"file","isSymbolicLink":false,"fileMetaData":{"size":3672,"lastModifiedTime":1748522536587}},{"hashValue":"d6e45a360922eb6448ab408209242d55","name":"home.png","path":"D:\\DevEcoStudioProjects\\CameraAccess\\entry\\build\\default\\intermediates\\res\\default\\resources\\base\\media\\home.png","type":"file","isSymbolicLink":false,"fileMetaData":{"size":3478,"lastModifiedTime":1748531161170}},{"hashValue":"043c79e303c9b92690c3b53cba6c66d7","name":"layered_image.json","path":"D:\\DevEcoStudioProjects\\CameraAccess\\entry\\build\\default\\intermediates\\res\\default\\resources\\base\\media\\layered_image.json","type":"file","isSymbolicLink":false,"fileMetaData":{"size":95,"lastModifiedTime":1752565057324}},{"hashValue":"ca66767d08297b7325965e369e935754","name":"monitor.png","path":"D:\\DevEcoStudioProjects\\CameraAccess\\entry\\build\\default\\intermediates\\res\\default\\resources\\base\\media\\monitor.png","type":"file","isSymbolicLink":false,"fileMetaData":{"size":3839,"lastModifiedTime":1749032735935}},{"hashValue":"2fdbe0ba86debcca066d2bd4f02d946f","name":"refresh.png","path":"D:\\DevEcoStudioProjects\\CameraAccess\\entry\\build\\default\\intermediates\\res\\default\\resources\\base\\media\\refresh.png","type":"file","isSymbolicLink":false,"fileMetaData":{"size":4959,"lastModifiedTime":1752530620649}},{"hashValue":"9adc4ed271b2872f8aa0b838d25b1595","name":"startIcon.png","path":"D:\\DevEcoStudioProjects\\CameraAccess\\entry\\build\\default\\intermediates\\res\\default\\resources\\base\\media\\startIcon.png","type":"file","isSymbolicLink":false,"fileMetaData":{"size":20093,"lastModifiedTime":1752564433127}}]},{"hashValue":"bd39764b2fe6ea0c074c1f71936e6b88","name":"profile","path":"D:\\DevEcoStudioProjects\\CameraAccess\\entry\\build\\default\\intermediates\\res\\default\\resources\\base\\profile","type":"directory","isSymbolicLink":false,"children":[{"hashValue":"d8ea597c5526770c0ad008154540089c","name":"backup_config.json","path":"D:\\DevEcoStudioProjects\\CameraAccess\\entry\\build\\default\\intermediates\\res\\default\\resources\\base\\profile\\backup_config.json","type":"file","isSymbolicLink":false,"fileMetaData":{"size":36,"lastModifiedTime":1752564433195}},{"hashValue":"431cdc151606c0135773d3a1c899f405","name":"main_pages.json","path":"D:\\DevEcoStudioProjects\\CameraAccess\\entry\\build\\default\\intermediates\\res\\default\\resources\\base\\profile\\main_pages.json","type":"file","isSymbolicLink":false,"fileMetaData":{"size":95,"lastModifiedTime":1752564583768}}]}]},{"hashValue":"","name":"rawfile","path":"D:\\DevEcoStudioProjects\\CameraAccess\\entry\\build\\default\\intermediates\\res\\default\\resources\\rawfile","type":"directory","isSymbolicLink":false,"children":[]}]},{"hashValue":"5429982f61d1da583ca774adfd077249","name":"resources.index","path":"D:\\DevEcoStudioProjects\\CameraAccess\\entry\\build\\default\\intermediates\\res\\default\\resources.index","type":"file","isSymbolicLink":false,"fileMetaData":{"size":1484,"lastModifiedTime":1752565057391}},{"hashValue":"1d2d858d163766b1782997f06a31d242","name":"ResourceTable.txt","path":"D:\\DevEcoStudioProjects\\CameraAccess\\entry\\build\\default\\intermediates\\res\\default\\ResourceTable.txt","type":"file","isSymbolicLink":false,"fileMetaData":{"size":564,"lastModifiedTime":1752565057325}}]},"D:\\DevEcoStudioProjects\\CameraAccess\\entry\\build\\default\\generated\\r\\default\\ResourceTable.h":{"hashValue":"08cfcff5a8d7699cb706dca7153ea6f2","name":"ResourceTable.h","path":"D:\\DevEcoStudioProjects\\CameraAccess\\entry\\build\\default\\generated\\r\\default\\ResourceTable.h","type":"file","isSymbolicLink":false,"fileMetaData":{"size":1593,"lastModifiedTime":1752565057324}},"D:\\DevEcoStudioProjects\\CameraAccess\\entry\\build\\default\\generated\\r\\default":{"hashValue":"47da1a8a8b8de910e8a7b8e190daebbf","name":"default","path":"D:\\DevEcoStudioProjects\\CameraAccess\\entry\\build\\default\\generated\\r\\default","type":"directory","isSymbolicLink":false,"children":[{"hashValue":"08cfcff5a8d7699cb706dca7153ea6f2","name":"ResourceTable.h","path":"D:\\DevEcoStudioProjects\\CameraAccess\\entry\\build\\default\\generated\\r\\default\\ResourceTable.h","type":"file","isSymbolicLink":false,"fileMetaData":{"size":1593,"lastModifiedTime":1752565057324}}]},"D:\\DevEcoStudioProjects\\CameraAccess\\entry\\build\\default\\intermediates\\stripped_native_libs\\default":{"hashValue":"","name":"default","path":"D:\\DevEcoStudioProjects\\CameraAccess\\entry\\build\\default\\intermediates\\stripped_native_libs\\default","type":"directory","isSymbolicLink":false,"children":[]},"D:\\DevEcoStudioProjects\\CameraAccess\\entry\\build\\default\\intermediates\\patch\\default\\base_native_libs.json":{"hashValue":"a8dfbe3b3466c69e77bdf35caa017b20","name":"base_native_libs.json","path":"D:\\DevEcoStudioProjects\\CameraAccess\\entry\\build\\default\\intermediates\\patch\\default\\base_native_libs.json","type":"file","isSymbolicLink":false,"fileMetaData":{"size":25,"lastModifiedTime":1752565058291}},"D:\\DevEcoStudioProjects\\CameraAccess\\entry\\build\\default\\intermediates\\loader\\default":{"hashValue":"15d3e8bdb2392b0041f003ab286c8738","name":"default","path":"D:\\DevEcoStudioProjects\\CameraAccess\\entry\\build\\default\\intermediates\\loader\\default","type":"directory","isSymbolicLink":false,"children":[{"hashValue":"8a0f2a34d8c8ac3e44d30b29e0c029e4","name":"loader.json","path":"D:\\DevEcoStudioProjects\\CameraAccess\\entry\\build\\default\\intermediates\\loader\\default\\loader.json","type":"file","isSymbolicLink":false,"fileMetaData":{"size":946,"lastModifiedTime":1752565056309}},{"hashValue":"e013d02ad3308956d27aa9559318495a","name":"pkgContextInfo.json","path":"D:\\DevEcoStudioProjects\\CameraAccess\\entry\\build\\default\\intermediates\\loader\\default\\pkgContextInfo.json","type":"file","isSymbolicLink":false,"fileMetaData":{"size":444,"lastModifiedTime":1752565056033}}]},"D:\\DevEcoStudioProjects\\CameraAccess\\entry\\build\\default\\intermediates\\res\\default\\resources\\rawfile":{"hashValue":"","name":"rawfile","path":"D:\\DevEcoStudioProjects\\CameraAccess\\entry\\build\\default\\intermediates\\res\\default\\resources\\rawfile","type":"directory","isSymbolicLink":false,"children":[]},"D:\\DevEcoStudioProjects\\CameraAccess\\entry\\build\\default\\intermediates\\res\\default\\ResourceTable.txt":{"hashValue":"1d2d858d163766b1782997f06a31d242","name":"ResourceTable.txt","path":"D:\\DevEcoStudioProjects\\CameraAccess\\entry\\build\\default\\intermediates\\res\\default\\ResourceTable.txt","type":"file","isSymbolicLink":false,"fileMetaData":{"size":564,"lastModifiedTime":1752565057325}},"D:\\DevEcoStudioProjects\\CameraAccess\\entry\\build\\default\\intermediates\\res\\default\\ark_module.json":{"hashValue":"59cd91462624a90dd1e87544ade9dc54","name":"ark_module.json","path":"D:\\DevEcoStudioProjects\\CameraAccess\\entry\\build\\default\\intermediates\\res\\default\\ark_module.json","type":"file","isSymbolicLink":false,"fileMetaData":{"size":1516,"lastModifiedTime":1752565056246}},"D:\\DevEcoStudioProjects\\CameraAccess\\entry\\build\\default\\intermediates\\res\\default\\resources\\base\\profile":{"hashValue":"bd39764b2fe6ea0c074c1f71936e6b88","name":"profile","path":"D:\\DevEcoStudioProjects\\CameraAccess\\entry\\build\\default\\intermediates\\res\\default\\resources\\base\\profile","type":"directory","isSymbolicLink":false,"children":[{"hashValue":"d8ea597c5526770c0ad008154540089c","name":"backup_config.json","path":"D:\\DevEcoStudioProjects\\CameraAccess\\entry\\build\\default\\intermediates\\res\\default\\resources\\base\\profile\\backup_config.json","type":"file","isSymbolicLink":false,"fileMetaData":{"size":36,"lastModifiedTime":1752564433195}},{"hashValue":"431cdc151606c0135773d3a1c899f405","name":"main_pages.json","path":"D:\\DevEcoStudioProjects\\CameraAccess\\entry\\build\\default\\intermediates\\res\\default\\resources\\base\\profile\\main_pages.json","type":"file","isSymbolicLink":false,"fileMetaData":{"size":95,"lastModifiedTime":1752564583768}}]},"D:\\DevEcoStudioProjects\\CameraAccess\\entry\\src\\main\\ets":{"hashValue":"55aecf70dafd8674ca1a51c13db4d6cd","name":"ets","path":"D:\\DevEcoStudioProjects\\CameraAccess\\entry\\src\\main\\ets","type":"directory","isSymbolicLink":false,"children":[{"hashValue":"de2bcaf65857355764e5d47b9d02b128","name":"entryability","path":"D:\\DevEcoStudioProjects\\CameraAccess\\entry\\src\\main\\ets\\entryability","type":"directory","isSymbolicLink":false,"children":[{"hashValue":"56bfe08f31762f8fd91a2b7560c93f50","name":"EntryAbility.ets","path":"D:\\DevEcoStudioProjects\\CameraAccess\\entry\\src\\main\\ets\\entryability\\EntryAbility.ets","type":"file","isSymbolicLink":false,"fileMetaData":{"size":1629,"lastModifiedTime":1752564623229}}]},{"hashValue":"66b45561ae98243aec6b7baf4547eda9","name":"entrybackupability","path":"D:\\DevEcoStudioProjects\\CameraAccess\\entry\\src\\main\\ets\\entrybackupability","type":"directory","isSymbolicLink":false,"children":[{"hashValue":"d8df2630e870e5468a9edfd23bc0d67d","name":"EntryBackupAbility.ets","path":"D:\\DevEcoStudioProjects\\CameraAccess\\entry\\src\\main\\ets\\entrybackupability\\EntryBackupAbility.ets","type":"file","isSymbolicLink":false,"fileMetaData":{"size":522,"lastModifiedTime":1752564436266}}]},{"hashValue":"aa5778dce8c80f893838db945211d023","name":"pages","path":"D:\\DevEcoStudioProjects\\CameraAccess\\entry\\src\\main\\ets\\pages","type":"directory","isSymbolicLink":false,"children":[{"hashValue":"41865c33fe085223c2b7e010bb764191","name":"CameraPhoto.ets","path":"D:\\DevEcoStudioProjects\\CameraAccess\\entry\\src\\main\\ets\\pages\\CameraPhoto.ets","type":"file","isSymbolicLink":false,"fileMetaData":{"size":6495,"lastModifiedTime":1752526302117}},{"hashValue":"7a1b9a68d73cab97f36c84a94161a3ef","name":"FilePreviewPage.ets","path":"D:\\DevEcoStudioProjects\\CameraAccess\\entry\\src\\main\\ets\\pages\\FilePreviewPage.ets","type":"file","isSymbolicLink":false,"fileMetaData":{"size":2272,"lastModifiedTime":1752468845493}},{"hashValue":"c7d36cf2710e57298c09e7129eb85d71","name":"PhotoAlbum.ets","path":"D:\\DevEcoStudioProjects\\CameraAccess\\entry\\src\\main\\ets\\pages\\PhotoAlbum.ets","type":"file","isSymbolicLink":false,"fileMetaData":{"size":8950,"lastModifiedTime":1752531241969}}]}]},"D:\\DevEcoStudioProjects\\CameraAccess\\entry\\build\\default\\intermediates\\loader_out\\default\\ets":{"hashValue":"03e7bccfd866c55e1a9196e981333111","name":"ets","path":"D:\\DevEcoStudioProjects\\CameraAccess\\entry\\build\\default\\intermediates\\loader_out\\default\\ets","type":"directory","isSymbolicLink":false,"children":[{"hashValue":"c5191ec63706160ac086802f524b3dcd","name":"modules.abc","path":"D:\\DevEcoStudioProjects\\CameraAccess\\entry\\build\\default\\intermediates\\loader_out\\default\\ets\\modules.abc","type":"file","isSymbolicLink":false,"fileMetaData":{"size":70440,"lastModifiedTime":1752565078436}},{"hashValue":"6461877e89696df8b34bf5002004a0ab","name":"sourceMaps.map","path":"D:\\DevEcoStudioProjects\\CameraAccess\\entry\\build\\default\\intermediates\\loader_out\\default\\ets\\sourceMaps.map","type":"file","isSymbolicLink":false,"fileMetaData":{"size":21742,"lastModifiedTime":1752565078377}}]},"D:\\DevEcoStudioProjects\\CameraAccess\\entry\\build\\default\\intermediates\\loader_out\\default\\js":{"hashValue":"","name":"emptyroot","path":"","type":"unknown","isSymbolicLink":false,"children":[]},"D:\\DevEcoStudioProjects\\CameraAccess\\entry\\build\\default\\intermediates\\res\\default\\module.json":{"hashValue":"b0e05d0714b92bbae0df6152220a6520","name":"module.json","path":"D:\\DevEcoStudioProjects\\CameraAccess\\entry\\build\\default\\intermediates\\res\\default\\module.json","type":"file","isSymbolicLink":false,"fileMetaData":{"size":2123,"lastModifiedTime":1752565057326}},"D:\\DevEcoStudioProjects\\CameraAccess\\entry\\build\\default\\intermediates\\package\\default\\module.json":{"hashValue":"b0e05d0714b92bbae0df6152220a6520","name":"module.json","path":"D:\\DevEcoStudioProjects\\CameraAccess\\entry\\build\\default\\intermediates\\package\\default\\module.json","type":"file","isSymbolicLink":false,"fileMetaData":{"size":2123,"lastModifiedTime":1752565057326}},"D:\\DevEcoStudioProjects\\CameraAccess\\entry\\build\\default\\intermediates\\res\\default\\resources":{"hashValue":"cfac7be4fd2b938e16b0a779d9dac283","name":"resources","path":"D:\\DevEcoStudioProjects\\CameraAccess\\entry\\build\\default\\intermediates\\res\\default\\resources","type":"directory","isSymbolicLink":false,"children":[{"hashValue":"497e09aca943b5604368e4831dde88df","name":"base","path":"D:\\DevEcoStudioProjects\\CameraAccess\\entry\\build\\default\\intermediates\\res\\default\\resources\\base","type":"directory","isSymbolicLink":false,"children":[{"hashValue":"bcf7d20c60ac466c0f8a4ab1316f8d7d","name":"media","path":"D:\\DevEcoStudioProjects\\CameraAccess\\entry\\build\\default\\intermediates\\res\\default\\resources\\base\\media","type":"directory","isSymbolicLink":false,"children":[{"hashValue":"49697c22aa61c0dfa57bb044e743dcae","name":"back.png","path":"D:\\DevEcoStudioProjects\\CameraAccess\\entry\\build\\default\\intermediates\\res\\default\\resources\\base\\media\\back.png","type":"file","isSymbolicLink":false,"fileMetaData":{"size":2677,"lastModifiedTime":1748591383141}},{"hashValue":"dd31e0449d205c4b7894bd6c9c5230ae","name":"background.png","path":"D:\\DevEcoStudioProjects\\CameraAccess\\entry\\build\\default\\intermediates\\res\\default\\resources\\base\\media\\background.png","type":"file","isSymbolicLink":false,"fileMetaData":{"size":70283,"lastModifiedTime":1752565057358}},{"hashValue":"7d63a188591e6f524b790e21c113e9ce","name":"camera.png","path":"D:\\DevEcoStudioProjects\\CameraAccess\\entry\\build\\default\\intermediates\\res\\default\\resources\\base\\media\\camera.png","type":"file","isSymbolicLink":false,"fileMetaData":{"size":5207,"lastModifiedTime":1752476091830}},{"hashValue":"c27a75d7a55518bec60e42e508141dec","name":"foreground.png","path":"D:\\DevEcoStudioProjects\\CameraAccess\\entry\\build\\default\\intermediates\\res\\default\\resources\\base\\media\\foreground.png","type":"file","isSymbolicLink":false,"fileMetaData":{"size":9325,"lastModifiedTime":1752565057388}},{"hashValue":"59089871668299f92955b044f7c68157","name":"History.png","path":"D:\\DevEcoStudioProjects\\CameraAccess\\entry\\build\\default\\intermediates\\res\\default\\resources\\base\\media\\History.png","type":"file","isSymbolicLink":false,"fileMetaData":{"size":3672,"lastModifiedTime":1748522536587}},{"hashValue":"d6e45a360922eb6448ab408209242d55","name":"home.png","path":"D:\\DevEcoStudioProjects\\CameraAccess\\entry\\build\\default\\intermediates\\res\\default\\resources\\base\\media\\home.png","type":"file","isSymbolicLink":false,"fileMetaData":{"size":3478,"lastModifiedTime":1748531161170}},{"hashValue":"043c79e303c9b92690c3b53cba6c66d7","name":"layered_image.json","path":"D:\\DevEcoStudioProjects\\CameraAccess\\entry\\build\\default\\intermediates\\res\\default\\resources\\base\\media\\layered_image.json","type":"file","isSymbolicLink":false,"fileMetaData":{"size":95,"lastModifiedTime":1752565057324}},{"hashValue":"ca66767d08297b7325965e369e935754","name":"monitor.png","path":"D:\\DevEcoStudioProjects\\CameraAccess\\entry\\build\\default\\intermediates\\res\\default\\resources\\base\\media\\monitor.png","type":"file","isSymbolicLink":false,"fileMetaData":{"size":3839,"lastModifiedTime":1749032735935}},{"hashValue":"2fdbe0ba86debcca066d2bd4f02d946f","name":"refresh.png","path":"D:\\DevEcoStudioProjects\\CameraAccess\\entry\\build\\default\\intermediates\\res\\default\\resources\\base\\media\\refresh.png","type":"file","isSymbolicLink":false,"fileMetaData":{"size":4959,"lastModifiedTime":1752530620649}},{"hashValue":"9adc4ed271b2872f8aa0b838d25b1595","name":"startIcon.png","path":"D:\\DevEcoStudioProjects\\CameraAccess\\entry\\build\\default\\intermediates\\res\\default\\resources\\base\\media\\startIcon.png","type":"file","isSymbolicLink":false,"fileMetaData":{"size":20093,"lastModifiedTime":1752564433127}}]},{"hashValue":"bd39764b2fe6ea0c074c1f71936e6b88","name":"profile","path":"D:\\DevEcoStudioProjects\\CameraAccess\\entry\\build\\default\\intermediates\\res\\default\\resources\\base\\profile","type":"directory","isSymbolicLink":false,"children":[{"hashValue":"d8ea597c5526770c0ad008154540089c","name":"backup_config.json","path":"D:\\DevEcoStudioProjects\\CameraAccess\\entry\\build\\default\\intermediates\\res\\default\\resources\\base\\profile\\backup_config.json","type":"file","isSymbolicLink":false,"fileMetaData":{"size":36,"lastModifiedTime":1752564433195}},{"hashValue":"431cdc151606c0135773d3a1c899f405","name":"main_pages.json","path":"D:\\DevEcoStudioProjects\\CameraAccess\\entry\\build\\default\\intermediates\\res\\default\\resources\\base\\profile\\main_pages.json","type":"file","isSymbolicLink":false,"fileMetaData":{"size":95,"lastModifiedTime":1752564583768}}]}]},{"hashValue":"","name":"rawfile","path":"D:\\DevEcoStudioProjects\\CameraAccess\\entry\\build\\default\\intermediates\\res\\default\\resources\\rawfile","type":"directory","isSymbolicLink":false,"children":[]}]},"D:\\DevEcoStudioProjects\\CameraAccess\\entry\\build\\default\\intermediates\\res\\default\\resources.index":{"hashValue":"5429982f61d1da583ca774adfd077249","name":"resources.index","path":"D:\\DevEcoStudioProjects\\CameraAccess\\entry\\build\\default\\intermediates\\res\\default\\resources.index","type":"file","isSymbolicLink":false,"fileMetaData":{"size":1484,"lastModifiedTime":1752565057391}},"D:\\DevEcoStudioProjects\\CameraAccess\\entry\\build\\default\\intermediates\\loader_out\\default\\ets\\sourceMaps.map":{"hashValue":"6461877e89696df8b34bf5002004a0ab","name":"sourceMaps.map","path":"D:\\DevEcoStudioProjects\\CameraAccess\\entry\\build\\default\\intermediates\\loader_out\\default\\ets\\sourceMaps.map","type":"file","isSymbolicLink":false,"fileMetaData":{"size":21742,"lastModifiedTime":1752565078377}},"D:\\DevEcoStudioProjects\\CameraAccess\\entry\\build\\default\\outputs\\default\\entry-default-unsigned.hap":{"hashValue":"946e15636e242880562d18b0c348e6d6","name":"entry-default-unsigned.hap","path":"D:\\DevEcoStudioProjects\\CameraAccess\\entry\\build\\default\\outputs\\default\\entry-default-unsigned.hap","type":"file","isSymbolicLink":false,"fileMetaData":{"size":222590,"lastModifiedTime":1752565078910}},"D:\\DevEcoStudioProjects\\CameraAccess\\entry\\build\\default\\intermediates\\source_map\\default\\sourceMaps.map":{"hashValue":"6461877e89696df8b34bf5002004a0ab","name":"sourceMaps.map","path":"D:\\DevEcoStudioProjects\\CameraAccess\\entry\\build\\default\\intermediates\\source_map\\default\\sourceMaps.map","type":"file","isSymbolicLink":false,"fileMetaData":{"size":21742,"lastModifiedTime":1752565078377}},"D:\\DevEcoStudioProjects\\CameraAccess\\entry\\build\\default\\outputs\\default\\mapping\\sourceMaps.map":{"hashValue":"6461877e89696df8b34bf5002004a0ab","name":"sourceMaps.map","path":"D:\\DevEcoStudioProjects\\CameraAccess\\entry\\build\\default\\outputs\\default\\mapping\\sourceMaps.map","type":"file","isSymbolicLink":false,"fileMetaData":{"size":21742,"lastModifiedTime":1752565078377}},"D:\\DevEcoStudioProjects\\CameraAccess\\entry\\build\\default\\outputs\\default\\entry-default-signed.hap":{"hashValue":"","name":"emptyroot","path":"","type":"unknown","isSymbolicLink":false,"children":[]},"D:\\DevEcoStudioProjects\\CameraAccess\\entry\\build\\default\\outputs\\default\\symbol":{"hashValue":"","name":"emptyroot","path":"","type":"unknown","isSymbolicLink":false,"children":[]}}