{
  "HVIGOR_OHOS_PLUGIN": {
    "MODULES": [
      {
        "MODULE_NAME": "1043bfc77febe75fafec0c4309faccf1",
        "API_TYPE": "stageMode",
        "INCREMENTAL_TASKS": {
          "COMPILE_ARKTS": false
        }
      }
    ],
    "BUILD_MODE": "debug",
    "USE_NORMALIZED_OHMURL": true
  },
  "HVIGOR": {
    "IS_INCREMENTAL": true,
    "IS_DAEMON": true,
    "IS_PARALLEL": true,
    "IS_HVIGORFILE_TYPE_CHECK": false,
    "TASK_TIME": {
      "1043bfc77febe75fafec0c4309faccf1": {
        "init": 205100,
        "PreBuild": 188739600,
        "GenerateMetadata": 4331800,
        "ConfigureCmake": 392900,
        "MergeProfile": 4112400,
        "CreateBuildProfile": 3446800,
        "PreCheckSyscap": 552800,
        "GeneratePkgContextInfo": 1276400,
        "ProcessIntegratedHsp": 1634900,
        "BuildNativeWithCmake": 458000,
        "MakePackInfo": 4815500,
        "SyscapTransform": 2000600,
        "ProcessProfile": 187693700,
        "ProcessRouterMap": 5514700,
        "BuildNativeWithNinja": 2734400,
        "ProcessResource": 15994300,
        "GenerateLoaderJson": 26509900,
        "ProcessLibs": 915203800,
        "DoNativeStrip": 14890900,
        "CompileResource": 1123358900,
        "BuildJS": 3820900,
        "CacheNativeLibs": 1036589200,
        "CompileArkTS": 20993152600,
        "GeneratePkgModuleJson": 4626500,
        "PackageHap": 483726900,
        "SignHap": 2138800,
        "CollectDebugSymbol": 6846100,
        "assembleHap": 422000
      },
      "APP": {
        "init": 150700
      }
    },
    "BUILD_ID": "202507151537356920",
    "TOTAL_TIME": 23295910600
  }
}