{"CACHE_SYNC_FILE_HASH":{"D:\\DevEcoStudioProjects\\CameraAccess\\hvigor\\hvigor-config.json5":"ee80d9657af752d07bd044f7b6f74b50795a6d7fa5f24c27f9168c1c0ae8d157","D:\\DevEcoStudioProjects\\CameraAccess\\build-profile.json5":"c4b06a84107f9503abe8d38fd57f4b933e17543ff803a9d5d25aef49f643b958","D:\\DevEcoStudioProjects\\CameraAccess\\hvigorfile.ts":"f47bb7dd24375392a26ea24603c5d6d3262719e2fd3bbe2d1aa41061efaa3415","D:\\DevEcoStudioProjects\\CameraAccess\\oh-package.json5":"3dd79f1706681ebd87fe6f6f17e33b5d92e1259735e40a5e6e66963d48985afa","D:\\DevEcoStudioProjects\\CameraAccess\\entry\\build-profile.json5":"d03afe33a07abec76f90809314fcdb1f640d8b2904fd71e8e5e21773a728bbd5","D:\\DevEcoStudioProjects\\CameraAccess\\entry\\hvigorfile.ts":"92cb35b14eb248cc3354e3bc86f511e50eedfb42cd03d0aa6c49220fe6865b25","D:\\DevEcoStudioProjects\\CameraAccess\\entry\\oh-package.json5":"836cf8d52a9bdd8380ffaf38327170bd16d3de3804cdd89027980cc44f6286e8","D:\\DevEcoStudioProjects\\CameraAccess\\.hvigor\\outputs\\sync\\output.json":"de8b43f1a28ddd21ae66e9b257b6ee807326b00560ed34cdebbb2e4506ecb911","SDK_LOCATION":"D:/DevEco Studio/sdk"},"OHPM_INSTALL_FILE_HASH":{"D:\\DevEcoStudioProjects\\CameraAccess\\oh-package.json5":"3dd79f1706681ebd87fe6f6f17e33b5d92e1259735e40a5e6e66963d48985afa","D:\\DevEcoStudioProjects\\CameraAccess\\oh_modules\\.ohpm\\lock.json5":"d7befc3fd994c24dc3527bc6bc9a67959511d6fb22b4d86783bcf7c6d06835b0","D:\\DevEcoStudioProjects\\CameraAccess\\entry\\oh-package.json5":"836cf8d52a9bdd8380ffaf38327170bd16d3de3804cdd89027980cc44f6286e8","D:\\DevEcoStudioProjects\\CameraAccess\\oh_modules":true,"D:\\DevEcoStudioProjects\\CameraAccess\\entry\\oh_modules":false}}